time_s,configuration,retained_percent
0,c90_full_cylinder_equivalent,100
0.10000000000000928,c90_full_cylinder_equivalent,100
0.19999999999998785,c90_full_cylinder_equivalent,100
0.30000000000001847,c90_full_cylinder_equivalent,100
0.40000000000011848,c90_full_cylinder_equivalent,99.993704130090663
0.50000000000021849,c90_full_cylinder_equivalent,99.399194128651601
0.6000000000003185,c90_full_cylinder_equivalent,98.221866455605124
0.70000000000041851,c90_full_cylinder_equivalent,96.742337026910349
0.79974332792359115,c90_full_cylinder_equivalent,95.058641531155558
0,full360,100
0.040005000000001553,full360,100
0.08001000000000455,full360,100
0.12000000000000755,full360,100
0.16000499999997816,full360,100
0.20000999999994415,full360,100
0.24001499999991013,full360,100
0.28000499999987616,full360,100
0.32000999999984214,full360,100
0.36001499999980813,full360,100
0.40000499999977412,full360,99.98793641148454
0.44000999999974011,full360,99.832673559294776
0.48001499999970609,full360,99.541583636412383
0.52000499999967209,full360,99.15532540413021
0.56000999999963808,full360,98.681717855004607
0.60001499999960406,full360,98.159409152242489
0.64000499999957006,full360,97.566282716898854
0.68000999999953604,full360,96.961316092827076
0.72001499999950203,full360,96.307648315118797
0.74999999999947653,full360,95.8179559813059
0.76000499999946802,full360,95.638342552297885
0.80000999999943401,full360,94.935080021803813
0.84001499999939999,full360,94.218860303644988
