time_s,configuration,particle_count
0,c90_full_cylinder_equivalent,444736
0.10000000000000928,c90_full_cylinder_equivalent,444736
0.19999999999998785,c90_full_cylinder_equivalent,444736
0.30000000000001847,c90_full_cylinder_equivalent,444736
0.40000000000011848,c90_full_cylinder_equivalent,444708
0.50000000000021849,c90_full_cylinder_equivalent,442064
0.6000000000003185,c90_full_cylinder_equivalent,436828
0.70000000000041851,c90_full_cylinder_equivalent,430248
0.79974332792359115,c90_full_cylinder_equivalent,422760
0,full360,447628
0.040005000000001553,full360,447628
0.08001000000000455,full360,447628
0.12000000000000755,full360,447628
0.16000499999997816,full360,447628
0.20000999999994415,full360,447628
0.24001499999991013,full360,447628
0.28000499999987616,full360,447628
0.32000999999984214,full360,447628
0.36001499999980813,full360,447628
0.40000499999977412,full360,447574
0.44000999999974011,full360,446879
0.48001499999970609,full360,445576
0.52000499999967209,full360,443847
0.56000999999963808,full360,441727
0.60001499999960406,full360,439389
0.64000499999957006,full360,436734
0.68000999999953604,full360,434026
0.72001499999950203,full360,431100
0.74999999999947653,full360,428908
0.76000499999946802,full360,428104
0.80000999999943401,full360,424956
0.84001499999939999,full360,421750
